,year,predicted_prop_attacks
0,2002,0.05387080584730282
1,2003,0.06057156451344281
2,2004,0.06727232317958282
3,2005,0.07397308184572281
4,2006,0.0806738405118628
5,2007,0.0873745991780028
6,2008,0.0940753578441428
7,2009,0.10077611651028279
8,2010,0.10747687517642279
9,2011,0.11417763384256278
10,2012,0.12087839250870278
11,2013,0.12757915117484278
12,2014,0.1342799098409828
13,2015,0.14098066850712276
14,2016,0.14768142717326277
